Model,MAE,RMSE,R2,MAPE(%)
LightGBM,0.029916008924200557,0.04238838332976378,0.9112742364680445,513.3684271216663
XGBoost,0.03142935793986808,0.04452240744872844,0.9021156370492353,542.5887098626157
Basic Neural Network,0.04023611896940197,0.06087774025854299,0.8169907312164807,679.1063883095165
Shallow Neural Network,0.04254451327725083,0.06345027691438494,0.8011969317951744,674.1635651974021
Linear Regression,0.04689873735750277,0.06942335088683264,0.7620053560749191,752.1737275955564
Ridge Regression,0.04689878360568169,0.0694235310595325,0.7620041207501288,752.1826033283174
SVR (RBF),0.05133755437565743,0.08219274274526076,0.6664023481537351,813.8840558938492
